{"cameraMode":{"drawMode":0,"name":"Shaded","section":"Shading Mode"},"sceneLighting":true,"audioPlay":false,"sceneViewState":{"showFog":true,"showMaterialUpdate":false,"showSkybox":true,"showFlares":true,"showImageEffects":true,"showParticleSystems":true},"in2DMode":false,"pivot":{"x":90.44694519042969,"y":462.4281005859375,"z":-1.9347827434539796},"rotation":{"x":0.09036064893007279,"y":0.47570618987083437,"z":-0.0495111383497715,"w":0.87368243932724},"size":218.0919952392578,"orthographic":false}