{"cameraMode":{"drawMode":0,"name":"Shaded","section":"Shading Mode"},"sceneLighting":true,"audioPlay":false,"sceneViewState":{"showFog":true,"showMaterialUpdate":false,"showSkybox":true,"showFlares":true,"showImageEffects":true,"showParticleSystems":true},"in2DMode":false,"pivot":{"x":211.2849578857422,"y":-93.90665435791016,"z":26.986454010009767},"rotation":{"x":-0.14703652262687684,"y":-0.7000269293785095,"z":0.15112584829330445,"w":-0.682555615901947},"size":297.7724304199219,"orthographic":false}