{"cameraMode":{"drawMode":0,"name":"Shaded","section":"Shading Mode"},"sceneLighting":false,"audioPlay":false,"sceneViewState":{"showFog":true,"showMaterialUpdate":false,"showSkybox":false,"showFlares":true,"showImageEffects":true,"showParticleSystems":true},"in2DMode":false,"pivot":{"x":-9.880000114440918,"y":0.2280675172805786,"z":0.0},"rotation":{"x":0.018776290118694307,"y":0.9406377673149109,"z":-0.052844028919935229,"w":0.3348914384841919},"size":4.041658401489258,"orthographic":false}