{"cameraMode":{"drawMode":0,"name":"Shaded","section":"Shading Mode"},"sceneLighting":true,"audioPlay":false,"sceneViewState":{"showFog":true,"showMaterialUpdate":false,"showSkybox":true,"showFlares":true,"showImageEffects":true,"showParticleSystems":true},"in2DMode":false,"pivot":{"x":-9.596992492675782,"y":1.8508245944976807,"z":-1.0896315574645997},"rotation":{"x":0.037140704691410068,"y":-0.44409507513046267,"z":-0.018260374665260316,"w":-0.8951497673988342},"size":4.0198822021484379,"orthographic":false}