{"cameraMode":{"drawMode":0,"name":"Shaded","section":"Shading Mode"},"sceneLighting":false,"audioPlay":false,"sceneViewState":{"showFog":true,"showMaterialUpdate":false,"showSkybox":false,"showFlares":true,"showImageEffects":true,"showParticleSystems":true},"in2DMode":false,"pivot":{"x":-9.371747016906739,"y":0.18697325885295869,"z":0.7612104415893555},"rotation":{"x":0.003857746021822095,"y":0.9961413741111755,"z":-0.05895072966814041,"w":0.06587456911802292},"size":10.01874828338623,"orthographic":false}