{"cameraMode":{"drawMode":0,"name":"Shaded","section":"Shading Mode"},"sceneLighting":false,"audioPlay":false,"sceneViewState":{"showFog":true,"showMaterialUpdate":false,"showSkybox":false,"showFlares":true,"showImageEffects":true,"showParticleSystems":true},"in2DMode":false,"pivot":{"x":693.4781494140625,"y":117.515869140625,"z":2564.412841796875},"rotation":{"x":0.040716562420129779,"y":0.06376554071903229,"z":-0.002609170274809003,"w":0.9972190260887146},"size":3147.11279296875,"orthographic":false}