{"cameraMode":{"drawMode":0,"name":"Shaded","section":"Shading Mode"},"sceneLighting":true,"audioPlay":false,"sceneViewState":{"showFog":true,"showMaterialUpdate":false,"showSkybox":true,"showFlares":true,"showImageEffects":true,"showParticleSystems":true},"in2DMode":false,"pivot":{"x":-47.66476821899414,"y":1.7185473442077637,"z":-41.1503791809082},"rotation":{"x":-0.2123153805732727,"y":-0.43841758370399477,"z":0.10760325193405152,"w":-0.8668007254600525},"size":6.800827503204346,"orthographic":false}