{"cameraMode":{"drawMode":0,"name":"Shaded","section":"Shading Mode"},"sceneLighting":false,"audioPlay":false,"sceneViewState":{"showFog":true,"showMaterialUpdate":false,"showSkybox":false,"showFlares":true,"showImageEffects":true,"showParticleSystems":true},"in2DMode":false,"pivot":{"x":-11.860848426818848,"y":0.6518539190292358,"z":0.7888898253440857},"rotation":{"x":-0.0007794674020260572,"y":0.9958504438400269,"z":-0.008070429787039757,"w":-0.09134382754564285},"size":4.205084800720215,"orthographic":false}