{"cameraMode":{"drawMode":0,"name":"Shaded","section":"Shading Mode"},"sceneLighting":false,"audioPlay":false,"sceneViewState":{"showFog":true,"showMaterialUpdate":false,"showSkybox":false,"showFlares":true,"showImageEffects":true,"showParticleSystems":true},"in2DMode":false,"pivot":{"x":-42.33457565307617,"y":-12.179580688476563,"z":15.500314712524414},"rotation":{"x":0.13825319707393647,"y":-0.5463201999664307,"z":0.09195859730243683,"w":0.8210132122039795},"size":48.28275680541992,"orthographic":false}