{"cameraMode":{"drawMode":0,"name":"Shaded","section":"Shading Mode"},"sceneLighting":false,"audioPlay":false,"sceneViewState":{"showFog":true,"showMaterialUpdate":false,"showSkybox":false,"showFlares":true,"showImageEffects":true,"showParticleSystems":true},"in2DMode":false,"pivot":{"x":-9.85465145111084,"y":0.7284883856773377,"z":-0.11689319461584091},"rotation":{"x":-0.0020578408148139717,"y":0.1988389790058136,"z":-0.00045743564260192215,"w":-0.9801433682441711},"size":4.041658401489258,"orthographic":false}