{"cameraMode":{"drawMode":0,"name":"Shaded","section":"Shading Mode"},"sceneLighting":false,"audioPlay":false,"sceneViewState":{"showFog":true,"showMaterialUpdate":false,"showSkybox":false,"showFlares":true,"showImageEffects":true,"showParticleSystems":true},"in2DMode":false,"pivot":{"x":-9.215591430664063,"y":0.22676904499530793,"z":-1.0101962089538575},"rotation":{"x":0.0016631674952805043,"y":0.9968207478523254,"z":-0.02124321460723877,"w":0.0779498964548111},"size":4.041658401489258,"orthographic":false}