{"cameraMode":{"drawMode":0,"name":"Shaded","section":"Shading Mode"},"sceneLighting":true,"audioPlay":false,"sceneViewState":{"showFog":true,"showMaterialUpdate":false,"showSkybox":false,"showFlares":true,"showImageEffects":true,"showParticleSystems":true},"in2DMode":false,"pivot":{"x":-5.3391194343566898,"y":1.6375516653060914,"z":-20.165172576904298},"rotation":{"x":-0.060209307819604877,"y":0.6450575590133667,"z":-0.04997027665376663,"w":-0.7603610157966614},"size":21.399850845336915,"orthographic":false}