{"cameraMode":{"drawMode":0,"name":"Shaded","section":"Shading Mode"},"sceneLighting":false,"audioPlay":false,"sceneViewState":{"showFog":true,"showMaterialUpdate":false,"showSkybox":false,"showFlares":true,"showImageEffects":true,"showParticleSystems":true},"in2DMode":false,"pivot":{"x":-13.620535850524903,"y":-0.232383131980896,"z":0.6563644409179688},"rotation":{"x":0.06148499995470047,"y":-0.6338991522789002,"z":0.05075927451252937,"w":0.7694030404090881},"size":8.71475601196289,"orthographic":false}