{"cameraMode":{"drawMode":0,"name":"Shaded","section":"Shading Mode"},"sceneLighting":false,"audioPlay":false,"sceneViewState":{"showFog":true,"showMaterialUpdate":false,"showSkybox":false,"showFlares":true,"showImageEffects":true,"showParticleSystems":true},"in2DMode":false,"pivot":{"x":575.9664306640625,"y":268.5951232910156,"z":-195.9582977294922},"rotation":{"x":-0.012608521617949009,"y":-0.006849633064121008,"z":0.00004656450619222596,"w":-1.0000079870224},"size":466.7362365722656,"orthographic":false}