{"cameraMode":{"drawMode":0,"name":"Shaded","section":"Shading Mode"},"sceneLighting":true,"audioPlay":false,"sceneViewState":{"showFog":true,"showMaterialUpdate":false,"showSkybox":true,"showFlares":true,"showImageEffects":true,"showParticleSystems":true},"in2DMode":false,"pivot":{"x":1150.0146484375,"y":93.5255126953125,"z":2162.63525390625},"rotation":{"x":-0.09277226775884628,"y":-0.21277762949466706,"z":0.020298393443226816,"w":-0.9724887609481812},"size":2881.005126953125,"orthographic":false}