{"cameraMode":{"drawMode":0,"name":"Shaded","section":"Shading Mode"},"sceneLighting":false,"audioPlay":false,"sceneViewState":{"showFog":true,"showMaterialUpdate":false,"showSkybox":false,"showFlares":true,"showImageEffects":true,"showParticleSystems":true},"in2DMode":false,"pivot":{"x":-9.880000114440918,"y":0.2280675172805786,"z":0.0},"rotation":{"x":-0.012608521617949009,"y":-0.006849633064121008,"z":0.00004656450619222596,"w":-1.0000079870224},"size":4.341658592224121,"orthographic":false}