{"cameraMode":{"drawMode":0,"name":"Shaded","section":"Shading Mode"},"sceneLighting":true,"audioPlay":false,"sceneViewState":{"showFog":true,"showMaterialUpdate":false,"showSkybox":true,"showFlares":true,"showImageEffects":true,"showParticleSystems":true},"in2DMode":false,"pivot":{"x":3.2851266860961916,"y":2.5258517265319826,"z":4.464808940887451},"rotation":{"x":-0.013218225911259652,"y":0.9779574871063232,"z":-0.0652351900935173,"w":-0.19802100956439973},"size":1.3252122402191163,"orthographic":false}