{"cameraMode":{"drawMode":0,"name":"Shaded","section":"Shading Mode"},"sceneLighting":true,"audioPlay":false,"sceneViewState":{"showFog":true,"showMaterialUpdate":false,"showSkybox":false,"showFlares":true,"showImageEffects":true,"showParticleSystems":true},"in2DMode":false,"pivot":{"x":-0.7334638833999634,"y":2.754072904586792,"z":-27.142810821533204},"rotation":{"x":0.06444548815488816,"y":-0.6034390330314636,"z":0.04796702787280083,"w":0.793572723865509},"size":9.725897789001465,"orthographic":false}