{"cameraMode":{"drawMode":0,"name":"Shaded","section":"Shading Mode"},"sceneLighting":false,"audioPlay":false,"sceneViewState":{"showFog":true,"showMaterialUpdate":false,"showSkybox":false,"showFlares":true,"showImageEffects":true,"showParticleSystems":true},"in2DMode":false,"pivot":{"x":0.8398292064666748,"y":0.7379339337348938,"z":-0.5332294702529907},"rotation":{"x":0.08293214440345764,"y":0.041569437831640246,"z":-0.004020803142338991,"w":0.9958919882774353},"size":2.3242897987365724,"orthographic":false}