{"cameraMode":{"drawMode":0,"name":"Shaded","section":"Shading Mode"},"sceneLighting":true,"audioPlay":false,"sceneViewState":{"showFog":true,"showMaterialUpdate":false,"showSkybox":true,"showFlares":true,"showImageEffects":true,"showParticleSystems":true},"in2DMode":false,"pivot":{"x":-7.060561180114746,"y":3.5642216205596926,"z":-4.297966480255127},"rotation":{"x":0.21802286803722382,"y":0.4186583459377289,"z":-0.10459770262241364,"w":0.8754931092262268},"size":20.63370704650879,"orthographic":false}