{"cameraMode":{"drawMode":0,"name":"Shaded","section":"Shading Mode"},"sceneLighting":true,"audioPlay":false,"sceneViewState":{"showFog":true,"showMaterialUpdate":false,"showSkybox":true,"showFlares":true,"showImageEffects":true,"showParticleSystems":true},"in2DMode":false,"pivot":{"x":-0.002910614013671875,"y":4.750000476837158,"z":14.750001907348633},"rotation":{"x":0.08536716550588608,"y":0.031382109969854358,"z":-0.0027592312544584276,"w":0.9959499835968018},"size":215.24368286132813,"orthographic":false}