{"cameraMode":{"drawMode":0,"name":"Shaded","section":"Shading Mode"},"sceneLighting":false,"audioPlay":false,"sceneViewState":{"showFog":true,"showMaterialUpdate":false,"showSkybox":false,"showFlares":true,"showImageEffects":true,"showParticleSystems":true},"in2DMode":false,"pivot":{"x":-2.0770463943481447,"y":0.6087030172348023,"z":9.897403717041016},"rotation":{"x":0.013234683312475682,"y":0.9866416454315186,"z":-0.12258460372686386,"w":0.1066930964589119},"size":2.857893466949463,"orthographic":false}