{"cameraMode":{"drawMode":0,"name":"Shaded","section":"Shading Mode"},"sceneLighting":false,"audioPlay":false,"sceneViewState":{"showFog":true,"showMaterialUpdate":false,"showSkybox":false,"showFlares":true,"showImageEffects":true,"showParticleSystems":true},"in2DMode":false,"pivot":{"x":619.6763916015625,"y":244.04566955566407,"z":51.23196792602539},"rotation":{"x":-0.014082842506468296,"y":0.05761920288205147,"z":-0.0008526643505319953,"w":-0.9983500838279724},"size":895.1920166015625,"orthographic":false}