{"cameraMode":{"drawMode":0,"name":"Shaded","section":"Shading Mode"},"sceneLighting":true,"audioPlay":false,"sceneViewState":{"showFog":true,"showMaterialUpdate":false,"showSkybox":true,"showFlares":true,"showImageEffects":true,"showParticleSystems":true},"in2DMode":false,"pivot":{"x":470.0001525878906,"y":262.1499938964844,"z":-4.206553936004639},"rotation":{"x":0.03538250923156738,"y":-0.9540424346923828,"z":0.2668457627296448,"w":0.13511987030506135},"size":466.736572265625,"orthographic":false}