{"cameraMode":{"drawMode":0,"name":"Shaded","section":"Shading Mode"},"sceneLighting":true,"audioPlay":false,"sceneViewState":{"showFog":true,"showMaterialUpdate":false,"showSkybox":true,"showFlares":true,"showImageEffects":true,"showParticleSystems":true},"in2DMode":false,"pivot":{"x":-11.542624473571778,"y":-1.4570937156677247,"z":-6.069236755371094},"rotation":{"x":0.1463043987751007,"y":-0.4489806890487671,"z":0.07471010088920593,"w":0.8784230351448059},"size":25.105653762817384,"orthographic":false}