{"cameraMode":{"drawMode":0,"name":"Shaded","section":"Shading Mode"},"sceneLighting":false,"audioPlay":false,"sceneViewState":{"showFog":true,"showMaterialUpdate":false,"showSkybox":false,"showFlares":true,"showImageEffects":true,"showParticleSystems":true},"in2DMode":false,"pivot":{"x":0.17709332704544068,"y":0.40493249893188479,"z":4.65097713470459},"rotation":{"x":-0.0832860991358757,"y":0.02512003667652607,"z":-0.002109479159116745,"w":-0.9962317943572998},"size":4.041658401489258,"orthographic":false}