{"cameraMode":{"drawMode":0,"name":"Shaded","section":"Shading Mode"},"sceneLighting":false,"audioPlay":false,"sceneViewState":{"showFog":true,"showMaterialUpdate":false,"showSkybox":false,"showFlares":true,"showImageEffects":true,"showParticleSystems":true},"in2DMode":false,"pivot":{"x":454.08050537109377,"y":260.74005126953127,"z":-403.0242919921875},"rotation":{"x":0.0008922033593989909,"y":-0.011350082233548165,"z":-0.000040433176764054224,"w":-1.000046730041504},"size":190.76304626464845,"orthographic":false}