{"cameraMode":{"drawMode":0,"name":"Shaded","section":"Shading Mode"},"sceneLighting":true,"audioPlay":false,"sceneViewState":{"showFog":true,"showMaterialUpdate":false,"showSkybox":false,"showFlares":true,"showImageEffects":true,"showParticleSystems":true},"in2DMode":false,"pivot":{"x":0.039376430213451388,"y":3.1034910678863527,"z":-27.73777961730957},"rotation":{"x":0.04717109352350235,"y":-0.6416935920715332,"z":0.038493696600198749,"w":0.7647692561149597},"size":7.83626127243042,"orthographic":false}