{"cameraMode":{"drawMode":0,"name":"Shaded","section":"Shading Mode"},"sceneLighting":true,"audioPlay":false,"sceneViewState":{"showFog":true,"showMaterialUpdate":false,"showSkybox":true,"showFlares":true,"showImageEffects":true,"showParticleSystems":true},"in2DMode":false,"pivot":{"x":-157.80975341796876,"y":-138.3252410888672,"z":-84.97327423095703},"rotation":{"x":0.17919470369815827,"y":-0.7907317280769348,"z":0.27965664863586428,"w":0.5151083469390869},"size":252.83885192871095,"orthographic":false}