{"cameraMode":{"drawMode":0,"name":"Shaded","section":"Shading Mode"},"sceneLighting":false,"audioPlay":false,"sceneViewState":{"showFog":true,"showMaterialUpdate":false,"showSkybox":false,"showFlares":true,"showImageEffects":true,"showParticleSystems":true},"in2DMode":false,"pivot":{"x":-6.774879455566406,"y":6.93035364151001,"z":1.1540946960449219},"rotation":{"x":0.04965928941965103,"y":0.07270818203687668,"z":-0.0036290145944803955,"w":0.996198832988739},"size":27.014005661010743,"orthographic":false}