{"cameraMode":{"drawMode":0,"name":"Shaded","section":"Shading Mode"},"sceneLighting":true,"audioPlay":false,"sceneViewState":{"showFog":true,"showMaterialUpdate":false,"showSkybox":true,"showFlares":true,"showImageEffects":true,"showParticleSystems":true},"in2DMode":false,"pivot":{"x":-8.981305122375489,"y":2.5782060623168947,"z":-13.2066011428833},"rotation":{"x":-0.06075216084718704,"y":-0.4313274621963501,"z":0.02933354303240776,"w":-0.8997906446456909},"size":3.743762254714966,"orthographic":false}